{
  "version": "0.1.0",
  "name": "istm",
  "instructions": [
    {
      "name": "createList",
      "accounts": [
        {
          "name": "user",
          "isMut": true,
          "isSigner": true
        }
      ],
      "args": [
        {
          "name": "operations",
          "type": "bytes"
        }
      ]
    }
  ],
  "types": [
    {
      "name": "Operations",
      "type": {
        "kind": "struct",
        "fields": [
          {
            "name": "lofOpers",
            "type": {
              "vec": {
                "defined": "Operation"
              }
            }
          }
        ]
      }
    },
    {
      "name": "Operation",
      "type": {
        "kind": "enum",
        "variants": [
          {
            "name": "Create"
          },
          {
            "name": "Edit",
            "fields": [
              {
                "name": "size",
                "type": "u64"
              }
            ]
          },
          {
            "name": "Complete",
            "fields": [
              {
                "name": "offset",
                "type": "u64"
              },
              {
                "name": "data",
                "type": "bytes"
              }
            ]
          },
          {
            "name": "Seal"
          }
        ]
      }
    }
  ],
  "metadata": {
    "address": "DTXRUWcdYCAKbjvhpd9ztAUoMENrzztQkSoiJcFtR7dw"
  }
}